{"loss": [0.061428502202034], "val_loss": [0.04474626109004021]}